folder,file_name,file_path,size_mb,last_modified,indexed_at
806624850739_DC_HEATMAPS,806624850739_DC_HEATMAPS/2025-04-20 18:01:03.006.parquet,806624850739_DC_HEATMAPS/2025-04-20 18:01:03.006.parquet,13.04,2025-04-21 20:40:32.904000+00:00,2025-04-22 01:33:18
806624850739_DC_HEATMAPS,806624850739_DC_HEATMAPS/2025-04-20 18:01:24.796.parquet,806624850739_DC_HEATMAPS/2025-04-20 18:01:24.796.parquet,13.19,2025-04-21 20:40:34.364000+00:00,2025-04-22 01:33:18
806624850739_DC_HEATMAPS,806624850739_DC_HEATMAPS/2025-04-20 18:01:27.879.parquet,806624850739_DC_HEATMAPS/2025-04-20 18:01:27.879.parquet,13.11,2025-04-21 20:40:35.871000+00:00,2025-04-22 01:33:18
806624850739_DC_HEATMAPS,806624850739_DC_HEATMAPS/2025-04-20 18:01:32.536.parquet,806624850739_DC_HEATMAPS/2025-04-20 18:01:32.536.parquet,13.11,2025-04-21 20:40:37.352000+00:00,2025-04-22 01:33:18
806624850739_DC_HEATMAPS,806624850739_DC_HEATMAPS/2025-04-20 18:01:34.358.parquet,806624850739_DC_HEATMAPS/2025-04-20 18:01:34.358.parquet,13.11,2025-04-21 20:40:38.737000+00:00,2025-04-22 01:33:18
806624850739_DC_HEATMAPS,806624850739_DC_HEATMAPS/2025-04-20 18:01:36.019.parquet,806624850739_DC_HEATMAPS/2025-04-20 18:01:36.019.parquet,13.11,2025-04-21 20:40:40.255000+00:00,2025-04-22 01:33:18
806624850739_DC_HEATMAPS,806624850739_DC_HEATMAPS/2025-04-20 18:01:37.321.parquet,806624850739_DC_HEATMAPS/2025-04-20 18:01:37.321.parquet,13.11,2025-04-21 20:40:42.055000+00:00,2025-04-22 01:33:18
806624850739_DC_HEATMAPS,806624850739_DC_HEATMAPS/2025-04-20 18:01:45.527.parquet,806624850739_DC_HEATMAPS/2025-04-20 18:01:45.527.parquet,13.17,2025-04-21 20:40:43.539000+00:00,2025-04-22 01:33:18
806624850739_DC_HEATMAPS,806624850739_DC_HEATMAPS/2025-04-20 18:01:50.508.parquet,806624850739_DC_HEATMAPS/2025-04-20 18:01:50.508.parquet,13.06,2025-04-21 20:40:44.950000+00:00,2025-04-22 01:33:18
806624850739_DC_HEATMAPS,806624850739_DC_HEATMAPS/2025-04-20 18:01:52.33.parquet,806624850739_DC_HEATMAPS/2025-04-20 18:01:52.33.parquet,13.06,2025-04-21 20:40:46.373000+00:00,2025-04-22 01:33:18
806624850739_DC_HEATMAPS,806624850739_DC_HEATMAPS/2025-04-20 18:01:57.774.parquet,806624850739_DC_HEATMAPS/2025-04-20 18:01:57.774.parquet,13.08,2025-04-21 20:40:47.737000+00:00,2025-04-22 01:33:18
806624850739_DC_HEATMAPS,806624850739_DC_HEATMAPS/2025-04-20 18:02:00.964.parquet,806624850739_DC_HEATMAPS/2025-04-20 18:02:00.964.parquet,13.08,2025-04-21 20:40:49.205000+00:00,2025-04-22 01:33:18
806624850739_DC_HEATMAPS,806624850739_DC_HEATMAPS/2025-04-20 18:02:03.02.parquet,806624850739_DC_HEATMAPS/2025-04-20 18:02:03.02.parquet,13.08,2025-04-21 20:40:50.743000+00:00,2025-04-22 01:33:18
806624850739_DC_HEATMAPS,806624850739_DC_HEATMAPS/2025-04-20 18:02:04.686.parquet,806624850739_DC_HEATMAPS/2025-04-20 18:02:04.686.parquet,13.08,2025-04-21 20:40:52.215000+00:00,2025-04-22 01:33:18
806624850739_DC_HEATMAPS,806624850739_DC_HEATMAPS/2025-04-20 18:02:07.919.parquet,806624850739_DC_HEATMAPS/2025-04-20 18:02:07.919.parquet,13.08,2025-04-21 20:40:53.644000+00:00,2025-04-22 01:33:18
806624850739_DC_HEATMAPS,806624850739_DC_HEATMAPS/2025-04-20 18:02:10.534.parquet,806624850739_DC_HEATMAPS/2025-04-20 18:02:10.534.parquet,13.11,2025-04-21 20:40:55.149000+00:00,2025-04-22 01:33:18
806624850739_DC_HEATMAPS,806624850739_DC_HEATMAPS/2025-04-20 18:02:13.17.parquet,806624850739_DC_HEATMAPS/2025-04-20 18:02:13.17.parquet,13.11,2025-04-21 20:40:56.646000+00:00,2025-04-22 01:33:18
806624850739_DC_HEATMAPS,806624850739_DC_HEATMAPS/2025-04-20 18:02:15.659.parquet,806624850739_DC_HEATMAPS/2025-04-20 18:02:15.659.parquet,13.11,2025-04-21 20:40:58.113000+00:00,2025-04-22 01:33:18
806624850739_DC_HEATMAPS,806624850739_DC_HEATMAPS/2025-04-20 18:02:20.021.parquet,806624850739_DC_HEATMAPS/2025-04-20 18:02:20.021.parquet,13.15,2025-04-21 20:40:59.512000+00:00,2025-04-22 01:33:18
806624850739_DC_HEATMAPS,806624850739_DC_HEATMAPS/2025-04-20 18:02:25.459.parquet,806624850739_DC_HEATMAPS/2025-04-20 18:02:25.459.parquet,13.15,2025-04-21 20:41:01.027000+00:00,2025-04-22 01:33:18
806624850739_DC_HEATMAPS,806624850739_DC_HEATMAPS/2025-04-20 18:02:27.063.parquet,806624850739_DC_HEATMAPS/2025-04-20 18:02:27.063.parquet,13.15,2025-04-21 20:41:02.454000+00:00,2025-04-22 01:33:18
806624850739_DC_HEATMAPS,806624850739_DC_HEATMAPS/2025-04-20 18:02:28.744.parquet,806624850739_DC_HEATMAPS/2025-04-20 18:02:28.744.parquet,13.15,2025-04-21 20:41:03.937000+00:00,2025-04-22 01:33:18
806624850739_DC_HEATMAPS,806624850739_DC_HEATMAPS/2025-04-20 18:02:32.136.parquet,806624850739_DC_HEATMAPS/2025-04-20 18:02:32.136.parquet,13.15,2025-04-21 20:41:05.354000+00:00,2025-04-22 01:33:18
806624850739_DC_HEATMAPS,806624850739_DC_HEATMAPS/2025-04-20 18:02:33.359.parquet,806624850739_DC_HEATMAPS/2025-04-20 18:02:33.359.parquet,13.15,2025-04-21 20:41:06.737000+00:00,2025-04-22 01:33:18
806624850739_DC_HEATMAPS,806624850739_DC_HEATMAPS/2025-04-20 18:02:35.331.parquet,806624850739_DC_HEATMAPS/2025-04-20 18:02:35.331.parquet,13.11,2025-04-21 20:41:08.156000+00:00,2025-04-22 01:33:18
806624850739_DC_HEATMAPS,806624850739_DC_HEATMAPS/2025-04-20 18:02:37.789.parquet,806624850739_DC_HEATMAPS/2025-04-20 18:02:37.789.parquet,13.11,2025-04-21 20:41:09.604000+00:00,2025-04-22 01:33:18
806624850739_DC_HEATMAPS,806624850739_DC_HEATMAPS/2025-04-20 18:02:39.548.parquet,806624850739_DC_HEATMAPS/2025-04-20 18:02:39.548.parquet,13.11,2025-04-21 20:41:10.924000+00:00,2025-04-22 01:33:18
806624850739_DC_HEATMAPS,806624850739_DC_HEATMAPS/2025-04-20 18:02:41.733.parquet,806624850739_DC_HEATMAPS/2025-04-20 18:02:41.733.parquet,13.11,2025-04-21 20:41:12.386000+00:00,2025-04-22 01:33:18
806624850739_DC_HEATMAPS,806624850739_DC_HEATMAPS/2025-04-20 18:02:44.071.parquet,806624850739_DC_HEATMAPS/2025-04-20 18:02:44.071.parquet,13.11,2025-04-21 20:41:13.830000+00:00,2025-04-22 01:33:18
806624850739_DC_HEATMAPS,806624850739_DC_HEATMAPS/2025-04-20 18:02:47.167.parquet,806624850739_DC_HEATMAPS/2025-04-20 18:02:47.167.parquet,13.09,2025-04-21 20:41:15.251000+00:00,2025-04-22 01:33:18
806624850739_DC_HEATMAPS,806624850739_DC_HEATMAPS/2025-04-20 18:02:48.933.parquet,806624850739_DC_HEATMAPS/2025-04-20 18:02:48.933.parquet,13.09,2025-04-21 20:41:16.776000+00:00,2025-04-22 01:33:18
806624850739_DC_HEATMAPS,806624850739_DC_HEATMAPS/2025-04-20 18:02:51.197.parquet,806624850739_DC_HEATMAPS/2025-04-20 18:02:51.197.parquet,13.09,2025-04-21 20:41:18.133000+00:00,2025-04-22 01:33:18
806624850739_DC_HEATMAPS,806624850739_DC_HEATMAPS/2025-04-20 18:02:57.24.parquet,806624850739_DC_HEATMAPS/2025-04-20 18:02:57.24.parquet,13.03,2025-04-21 20:41:19.522000+00:00,2025-04-22 01:33:18
806624850739_DC_HEATMAPS,806624850739_DC_HEATMAPS/2025-04-20 18:03:03.142.parquet,806624850739_DC_HEATMAPS/2025-04-20 18:03:03.142.parquet,13.03,2025-04-21 20:41:20.982000+00:00,2025-04-22 01:33:18
806624850739_DC_HEATMAPS,806624850739_DC_HEATMAPS/2025-04-20 18:03:09.493.parquet,806624850739_DC_HEATMAPS/2025-04-20 18:03:09.493.parquet,13.15,2025-04-21 20:41:22.389000+00:00,2025-04-22 01:33:18
806624850739_DC_HEATMAPS,806624850739_DC_HEATMAPS/2025-04-20 18:03:23.203.parquet,806624850739_DC_HEATMAPS/2025-04-20 18:03:23.203.parquet,13.11,2025-04-21 20:41:23.807000+00:00,2025-04-22 01:33:18
806624850739_DC_HEATMAPS,806624850739_DC_HEATMAPS/2025-04-20 18:03:30.234.parquet,806624850739_DC_HEATMAPS/2025-04-20 18:03:30.234.parquet,13.11,2025-04-21 20:41:25.186000+00:00,2025-04-22 01:33:18
806624850739_DC_HEATMAPS,806624850739_DC_HEATMAPS/2025-04-20 18:03:33.603.parquet,806624850739_DC_HEATMAPS/2025-04-20 18:03:33.603.parquet,13.07,2025-04-21 20:41:26.540000+00:00,2025-04-22 01:33:18
806624850739_DC_HEATMAPS,806624850739_DC_HEATMAPS/2025-04-20 18:03:38.43.parquet,806624850739_DC_HEATMAPS/2025-04-20 18:03:38.43.parquet,13.07,2025-04-21 20:41:27.903000+00:00,2025-04-22 01:33:18
806624850739_DC_HEATMAPS,806624850739_DC_HEATMAPS/2025-04-20 18:03:42.151.parquet,806624850739_DC_HEATMAPS/2025-04-20 18:03:42.151.parquet,13.07,2025-04-21 20:41:29.244000+00:00,2025-04-22 01:33:18
806624850739_DC_HEATMAPS,806624850739_DC_HEATMAPS/2025-04-20 18:03:44.347.parquet,806624850739_DC_HEATMAPS/2025-04-20 18:03:44.347.parquet,13.07,2025-04-21 20:41:30.575000+00:00,2025-04-22 01:33:18
806624850739_DC_HEATMAPS,806624850739_DC_HEATMAPS/2025-04-20 18:03:44.81.parquet,806624850739_DC_HEATMAPS/2025-04-20 18:03:44.81.parquet,13.0,2025-04-21 20:41:32.079000+00:00,2025-04-22 01:33:18
806624850739_DC_HEATMAPS,806624850739_DC_HEATMAPS/2025-04-20 18:03:56.159.parquet,806624850739_DC_HEATMAPS/2025-04-20 18:03:56.159.parquet,13.01,2025-04-21 20:41:33.583000+00:00,2025-04-22 01:33:18
806624850739_DC_HEATMAPS,806624850739_DC_HEATMAPS/2025-04-20 18:03:59.897.parquet,806624850739_DC_HEATMAPS/2025-04-20 18:03:59.897.parquet,13.01,2025-04-21 20:41:35.080000+00:00,2025-04-22 01:33:18
806624850739_DC_HEATMAPS,806624850739_DC_HEATMAPS/2025-04-20 18:04:01.417.parquet,806624850739_DC_HEATMAPS/2025-04-20 18:04:01.417.parquet,13.01,2025-04-21 20:41:36.583000+00:00,2025-04-22 01:33:18
806624850739_DC_HEATMAPS,806624850739_DC_HEATMAPS/2025-04-20 18:04:18.091.parquet,806624850739_DC_HEATMAPS/2025-04-20 18:04:18.091.parquet,13.04,2025-04-21 20:41:38.025000+00:00,2025-04-22 01:33:18
806624850739_DC_HEATMAPS,806624850739_DC_HEATMAPS/2025-04-20 18:04:20.719.parquet,806624850739_DC_HEATMAPS/2025-04-20 18:04:20.719.parquet,13.04,2025-04-21 20:41:39.450000+00:00,2025-04-22 01:33:18
806624850739_DC_HEATMAPS,806624850739_DC_HEATMAPS/2025-04-20 18:04:24.364.parquet,806624850739_DC_HEATMAPS/2025-04-20 18:04:24.364.parquet,13.04,2025-04-21 20:41:40.858000+00:00,2025-04-22 01:33:18
806624850739_DC_HEATMAPS,806624850739_DC_HEATMAPS/2025-04-20 18:04:25.689.parquet,806624850739_DC_HEATMAPS/2025-04-20 18:04:25.689.parquet,13.04,2025-04-21 20:41:42.249000+00:00,2025-04-22 01:33:18
806624850739_DC_HEATMAPS,806624850739_DC_HEATMAPS/2025-04-20 18:04:30.667.parquet,806624850739_DC_HEATMAPS/2025-04-20 18:04:30.667.parquet,13.18,2025-04-21 20:41:43.632000+00:00,2025-04-22 01:33:18
806624850739_DC_HEATMAPS,806624850739_DC_HEATMAPS/2025-04-20 18:04:34.193.parquet,806624850739_DC_HEATMAPS/2025-04-20 18:04:34.193.parquet,13.0,2025-04-21 20:41:45.071000+00:00,2025-04-22 01:33:18
806624850739_DC_HEATMAPS,806624850739_DC_HEATMAPS/2025-04-20 18:04:53.186.parquet,806624850739_DC_HEATMAPS/2025-04-20 18:04:53.186.parquet,13.09,2025-04-21 20:41:46.449000+00:00,2025-04-22 01:33:18
806624850739_DC_HEATMAPS,806624850739_DC_HEATMAPS/2025-04-20 18:04:56.102.parquet,806624850739_DC_HEATMAPS/2025-04-20 18:04:56.102.parquet,13.09,2025-04-21 20:41:47.916000+00:00,2025-04-22 01:33:18
806624850739_DC_HEATMAPS,806624850739_DC_HEATMAPS/2025-04-20 18:05:03.032.parquet,806624850739_DC_HEATMAPS/2025-04-20 18:05:03.032.parquet,13.09,2025-04-21 20:41:49.326000+00:00,2025-04-22 01:33:18
806624850739_DC_HEATMAPS,806624850739_DC_HEATMAPS/2025-04-20 18:05:15.112.parquet,806624850739_DC_HEATMAPS/2025-04-20 18:05:15.112.parquet,13.09,2025-04-21 20:41:50.703000+00:00,2025-04-22 01:33:18
806624850739_DC_HEATMAPS,806624850739_DC_HEATMAPS/2025-04-20 18:05:23.399.parquet,806624850739_DC_HEATMAPS/2025-04-20 18:05:23.399.parquet,13.09,2025-04-21 20:41:52.163000+00:00,2025-04-22 01:33:18
806624850739_DC_HEATMAPS,806624850739_DC_HEATMAPS/2025-04-20 18:05:28.164.parquet,806624850739_DC_HEATMAPS/2025-04-20 18:05:28.164.parquet,13.09,2025-04-21 20:41:53.697000+00:00,2025-04-22 01:33:18
806624850739_DC_HEATMAPS,806624850739_DC_HEATMAPS/2025-04-20 18:05:35.29.parquet,806624850739_DC_HEATMAPS/2025-04-20 18:05:35.29.parquet,13.09,2025-04-21 20:41:55.192000+00:00,2025-04-22 01:33:18
806624850739_DC_HEATMAPS,806624850739_DC_HEATMAPS/2025-04-20 18:05:41.401.parquet,806624850739_DC_HEATMAPS/2025-04-20 18:05:41.401.parquet,13.09,2025-04-21 20:41:56.683000+00:00,2025-04-22 01:33:18
806624850739_DC_HEATMAPS,806624850739_DC_HEATMAPS/2025-04-20 18:06:02.222.parquet,806624850739_DC_HEATMAPS/2025-04-20 18:06:02.222.parquet,13.09,2025-04-21 20:41:58.143000+00:00,2025-04-22 01:33:18
806624850739_DC_HEATMAPS,806624850739_DC_HEATMAPS/2025-04-20 18:06:06.088.parquet,806624850739_DC_HEATMAPS/2025-04-20 18:06:06.088.parquet,13.09,2025-04-21 20:41:59.652000+00:00,2025-04-22 01:33:18
806624850739_DC_HEATMAPS,806624850739_DC_HEATMAPS/2025-04-20 18:06:09.062.parquet,806624850739_DC_HEATMAPS/2025-04-20 18:06:09.062.parquet,13.09,2025-04-21 20:42:01.076000+00:00,2025-04-22 01:33:18
806624850739_DC_HEATMAPS,806624850739_DC_HEATMAPS/2025-04-20 18:06:16.672.parquet,806624850739_DC_HEATMAPS/2025-04-20 18:06:16.672.parquet,13.09,2025-04-21 20:42:02.626000+00:00,2025-04-22 01:33:18
806624850739_DC_HEATMAPS,806624850739_DC_HEATMAPS/2025-04-20 18:06:18.608.parquet,806624850739_DC_HEATMAPS/2025-04-20 18:06:18.608.parquet,13.08,2025-04-21 20:42:04.178000+00:00,2025-04-22 01:33:18
806624850739_DC_HEATMAPS,806624850739_DC_HEATMAPS/2025-04-20 18:06:23.254.parquet,806624850739_DC_HEATMAPS/2025-04-20 18:06:23.254.parquet,13.08,2025-04-21 20:42:05.845000+00:00,2025-04-22 01:33:18
806624850739_DC_HEATMAPS,806624850739_DC_HEATMAPS/2025-04-20 18:06:29.238.parquet,806624850739_DC_HEATMAPS/2025-04-20 18:06:29.238.parquet,13.07,2025-04-21 20:42:07.443000+00:00,2025-04-22 01:33:18
806624850739_DC_HEATMAPS,806624850739_DC_HEATMAPS/2025-04-20 18:06:32.52.parquet,806624850739_DC_HEATMAPS/2025-04-20 18:06:32.52.parquet,13.07,2025-04-21 20:42:08.943000+00:00,2025-04-22 01:33:18
806624850739_DC_HEATMAPS,806624850739_DC_HEATMAPS/2025-04-20 18:06:33.726.parquet,806624850739_DC_HEATMAPS/2025-04-20 18:06:33.726.parquet,13.07,2025-04-21 20:42:10.588000+00:00,2025-04-22 01:33:18
806624850739_DC_HEATMAPS,806624850739_DC_HEATMAPS/2025-04-20 18:06:36.793.parquet,806624850739_DC_HEATMAPS/2025-04-20 18:06:36.793.parquet,13.07,2025-04-21 20:42:12.274000+00:00,2025-04-22 01:33:18
806624850739_DC_HEATMAPS,806624850739_DC_HEATMAPS/2025-04-20 18:06:38.176.parquet,806624850739_DC_HEATMAPS/2025-04-20 18:06:38.176.parquet,13.07,2025-04-21 20:42:13.911000+00:00,2025-04-22 01:33:18
806624850739_DC_HEATMAPS,806624850739_DC_HEATMAPS/2025-04-20 18:06:42.278.parquet,806624850739_DC_HEATMAPS/2025-04-20 18:06:42.278.parquet,13.08,2025-04-21 20:42:15.503000+00:00,2025-04-22 01:33:18
806624850739_DC_HEATMAPS,806624850739_DC_HEATMAPS/2025-04-20 18:06:45.94.parquet,806624850739_DC_HEATMAPS/2025-04-20 18:06:45.94.parquet,13.08,2025-04-21 20:42:16.882000+00:00,2025-04-22 01:33:18
806624850739_DC_HEATMAPS,806624850739_DC_HEATMAPS/2025-04-20 18:06:47.523.parquet,806624850739_DC_HEATMAPS/2025-04-20 18:06:47.523.parquet,13.08,2025-04-21 20:42:18.246000+00:00,2025-04-22 01:33:18
806624850739_DC_HEATMAPS,806624850739_DC_HEATMAPS/2025-04-20 18:06:48.897.parquet,806624850739_DC_HEATMAPS/2025-04-20 18:06:48.897.parquet,13.08,2025-04-21 20:42:19.648000+00:00,2025-04-22 01:33:18
806624850739_DC_HEATMAPS,806624850739_DC_HEATMAPS/2025-04-20 18:07:51.266.parquet,806624850739_DC_HEATMAPS/2025-04-20 18:07:51.266.parquet,13.07,2025-04-21 20:42:21.082000+00:00,2025-04-22 01:33:18
806624850739_DC_HEATMAPS,806624850739_DC_HEATMAPS/2025-04-20 18:07:51.635.parquet,806624850739_DC_HEATMAPS/2025-04-20 18:07:51.635.parquet,13.03,2025-04-21 20:42:22.432000+00:00,2025-04-22 01:33:18
806624850739_DC_HEATMAPS,806624850739_DC_HEATMAPS/2025-04-20 18:07:53.328.parquet,806624850739_DC_HEATMAPS/2025-04-20 18:07:53.328.parquet,13.12,2025-04-21 20:42:23.808000+00:00,2025-04-22 01:33:18
806624850739_DC_HEATMAPS,806624850739_DC_HEATMAPS/2025-04-20 18:07:59.21.parquet,806624850739_DC_HEATMAPS/2025-04-20 18:07:59.21.parquet,13.12,2025-04-21 20:42:25.165000+00:00,2025-04-22 01:33:18
806624850739_DC_HEATMAPS,806624850739_DC_HEATMAPS/2025-04-20 18:08:01.094.parquet,806624850739_DC_HEATMAPS/2025-04-20 18:08:01.094.parquet,13.07,2025-04-21 20:42:26.504000+00:00,2025-04-22 01:33:18
806624850739_DC_HEATMAPS,806624850739_DC_HEATMAPS/2025-04-20 18:08:03.845.parquet,806624850739_DC_HEATMAPS/2025-04-20 18:08:03.845.parquet,13.01,2025-04-21 20:42:27.819000+00:00,2025-04-22 01:33:18
806624850739_DC_HEATMAPS,806624850739_DC_HEATMAPS/2025-04-20 18:08:05.415.parquet,806624850739_DC_HEATMAPS/2025-04-20 18:08:05.415.parquet,13.01,2025-04-21 20:42:29.172000+00:00,2025-04-22 01:33:18
806624850739_DC_HEATMAPS,806624850739_DC_HEATMAPS/2025-04-20 18:08:08.867.parquet,806624850739_DC_HEATMAPS/2025-04-20 18:08:08.867.parquet,13.01,2025-04-21 20:42:30.503000+00:00,2025-04-22 01:33:18
806624850739_DC_HEATMAPS,806624850739_DC_HEATMAPS/2025-04-20 18:08:10.622.parquet,806624850739_DC_HEATMAPS/2025-04-20 18:08:10.622.parquet,13.01,2025-04-21 20:42:31.852000+00:00,2025-04-22 01:33:18
806624850739_DC_HEATMAPS,806624850739_DC_HEATMAPS/2025-04-20 18:08:12.103.parquet,806624850739_DC_HEATMAPS/2025-04-20 18:08:12.103.parquet,13.01,2025-04-21 20:42:33.187000+00:00,2025-04-22 01:33:18
806624850739_DC_HEATMAPS,806624850739_DC_HEATMAPS/2025-04-20 18:08:14.017.parquet,806624850739_DC_HEATMAPS/2025-04-20 18:08:14.017.parquet,13.01,2025-04-21 20:42:34.531000+00:00,2025-04-22 01:33:18
806624850739_DC_HEATMAPS,806624850739_DC_HEATMAPS/2025-04-20 18:08:15.519.parquet,806624850739_DC_HEATMAPS/2025-04-20 18:08:15.519.parquet,13.01,2025-04-21 20:42:35.854000+00:00,2025-04-22 01:33:18
806624850739_DC_HEATMAPS,806624850739_DC_HEATMAPS/2025-04-20 18:08:17.537.parquet,806624850739_DC_HEATMAPS/2025-04-20 18:08:17.537.parquet,13.01,2025-04-21 20:42:37.228000+00:00,2025-04-22 01:33:18
806624850739_DC_HEATMAPS,806624850739_DC_HEATMAPS/2025-04-20 18:08:21.907.parquet,806624850739_DC_HEATMAPS/2025-04-20 18:08:21.907.parquet,13.02,2025-04-21 20:42:38.554000+00:00,2025-04-22 01:33:18
806624850739_DC_HEATMAPS,806624850739_DC_HEATMAPS/2025-04-20 18:08:23.303.parquet,806624850739_DC_HEATMAPS/2025-04-20 18:08:23.303.parquet,13.02,2025-04-21 20:42:39.957000+00:00,2025-04-22 01:33:18
806624850739_DC_HEATMAPS,806624850739_DC_HEATMAPS/2025-04-20 18:08:24.633.parquet,806624850739_DC_HEATMAPS/2025-04-20 18:08:24.633.parquet,13.02,2025-04-21 20:42:41.363000+00:00,2025-04-22 01:33:18
806624850739_DC_HEATMAPS,806624850739_DC_HEATMAPS/2025-04-20 18:08:25.997.parquet,806624850739_DC_HEATMAPS/2025-04-20 18:08:25.997.parquet,13.02,2025-04-21 20:42:42.787000+00:00,2025-04-22 01:33:18
806624850739_DC_HEATMAPS,806624850739_DC_HEATMAPS/2025-04-20 18:08:27.374.parquet,806624850739_DC_HEATMAPS/2025-04-20 18:08:27.374.parquet,13.02,2025-04-21 20:42:44.224000+00:00,2025-04-22 01:33:18
806624850739_DC_HEATMAPS,806624850739_DC_HEATMAPS/2025-04-20 18:08:34.066.parquet,806624850739_DC_HEATMAPS/2025-04-20 18:08:34.066.parquet,13.02,2025-04-21 20:42:45.521000+00:00,2025-04-22 01:33:18
806624850739_DC_HEATMAPS,806624850739_DC_HEATMAPS/2025-04-20 18:08:35.992.parquet,806624850739_DC_HEATMAPS/2025-04-20 18:08:35.992.parquet,13.02,2025-04-21 20:42:46.848000+00:00,2025-04-22 01:33:18
806624850739_DC_HEATMAPS,806624850739_DC_HEATMAPS/2025-04-20 18:08:37.069.parquet,806624850739_DC_HEATMAPS/2025-04-20 18:08:37.069.parquet,13.02,2025-04-21 20:42:48.207000+00:00,2025-04-22 01:33:18
806624850739_DC_HEATMAPS,806624850739_DC_HEATMAPS/2025-04-20 18:08:37.708.parquet,806624850739_DC_HEATMAPS/2025-04-20 18:08:37.708.parquet,13.05,2025-04-21 20:42:49.506000+00:00,2025-04-22 01:33:18
806624850739_DC_HEATMAPS,806624850739_DC_HEATMAPS/2025-04-20 18:08:41.729.parquet,806624850739_DC_HEATMAPS/2025-04-20 18:08:41.729.parquet,13.05,2025-04-21 20:42:50.906000+00:00,2025-04-22 01:33:18
806624850739_DC_HEATMAPS,806624850739_DC_HEATMAPS/2025-04-20 18:08:47.635.parquet,806624850739_DC_HEATMAPS/2025-04-20 18:08:47.635.parquet,13.05,2025-04-21 20:42:52.282000+00:00,2025-04-22 01:33:18
806624850739_DC_HEATMAPS,806624850739_DC_HEATMAPS/2025-04-20 18:08:53.451.parquet,806624850739_DC_HEATMAPS/2025-04-20 18:08:53.451.parquet,12.99,2025-04-21 20:42:53.651000+00:00,2025-04-22 01:33:18
806624850739_DC_HEATMAPS,806624850739_DC_HEATMAPS/2025-04-20 18:08:54.892.parquet,806624850739_DC_HEATMAPS/2025-04-20 18:08:54.892.parquet,12.99,2025-04-21 20:42:55.021000+00:00,2025-04-22 01:33:18
806624850739_DC_HEATMAPS,806624850739_DC_HEATMAPS/2025-04-20 18:08:57.439.parquet,806624850739_DC_HEATMAPS/2025-04-20 18:08:57.439.parquet,12.99,2025-04-21 20:42:56.362000+00:00,2025-04-22 01:33:18
806624850739_DC_HEATMAPS,806624850739_DC_HEATMAPS/2025-04-20 18:08:59.168.parquet,806624850739_DC_HEATMAPS/2025-04-20 18:08:59.168.parquet,12.99,2025-04-21 20:42:57.697000+00:00,2025-04-22 01:33:18
806624850739_DC_HEATMAPS,806624850739_DC_HEATMAPS/2025-04-20 18:09:02.413.parquet,806624850739_DC_HEATMAPS/2025-04-20 18:09:02.413.parquet,12.99,2025-04-21 20:42:59.087000+00:00,2025-04-22 01:33:18
806624850739_DC_HEATMAPS,806624850739_DC_HEATMAPS/2025-04-20 18:09:03.901.parquet,806624850739_DC_HEATMAPS/2025-04-20 18:09:03.901.parquet,12.99,2025-04-21 20:43:00.470000+00:00,2025-04-22 01:33:18
806624850739_DC_HEATMAPS,806624850739_DC_HEATMAPS/2025-04-20 18:09:05.963.parquet,806624850739_DC_HEATMAPS/2025-04-20 18:09:05.963.parquet,12.99,2025-04-21 20:43:01.905000+00:00,2025-04-22 01:33:18
806624850739_DC_HEATMAPS,806624850739_DC_HEATMAPS/2025-04-20 18:09:09.56.parquet,806624850739_DC_HEATMAPS/2025-04-20 18:09:09.56.parquet,13.07,2025-04-21 20:43:03.375000+00:00,2025-04-22 01:33:18
806624850739_DC_HEATMAPS,806624850739_DC_HEATMAPS/2025-04-20 18:09:14.355.parquet,806624850739_DC_HEATMAPS/2025-04-20 18:09:14.355.parquet,13.07,2025-04-21 20:43:04.783000+00:00,2025-04-22 01:33:18
806624850739_DC_HEATMAPS,806624850739_DC_HEATMAPS/2025-04-20 18:09:17.407.parquet,806624850739_DC_HEATMAPS/2025-04-20 18:09:17.407.parquet,13.07,2025-04-21 20:43:06.188000+00:00,2025-04-22 01:33:18
806624850739_DC_HEATMAPS,806624850739_DC_HEATMAPS/2025-04-20 18:09:27.175.parquet,806624850739_DC_HEATMAPS/2025-04-20 18:09:27.175.parquet,13.02,2025-04-21 20:43:07.715000+00:00,2025-04-22 01:33:18
806624850739_DC_HEATMAPS,806624850739_DC_HEATMAPS/2025-04-20 18:09:28.67.parquet,806624850739_DC_HEATMAPS/2025-04-20 18:09:28.67.parquet,13.02,2025-04-21 20:43:09.241000+00:00,2025-04-22 01:33:18
806624850739_DC_HEATMAPS,806624850739_DC_HEATMAPS/2025-04-20 18:09:31.245.parquet,806624850739_DC_HEATMAPS/2025-04-20 18:09:31.245.parquet,13.02,2025-04-21 20:43:10.650000+00:00,2025-04-22 01:33:18
806624850739_DC_HEATMAPS,806624850739_DC_HEATMAPS/2025-04-20 18:09:40.45.parquet,806624850739_DC_HEATMAPS/2025-04-20 18:09:40.45.parquet,13.01,2025-04-21 20:43:12.060000+00:00,2025-04-22 01:33:18
806624850739_DC_HEATMAPS,806624850739_DC_HEATMAPS/2025-04-20 18:09:43.646.parquet,806624850739_DC_HEATMAPS/2025-04-20 18:09:43.646.parquet,13.01,2025-04-21 20:43:13.403000+00:00,2025-04-22 01:33:18
806624850739_DC_HEATMAPS,806624850739_DC_HEATMAPS/2025-04-20 18:09:51.763.parquet,806624850739_DC_HEATMAPS/2025-04-20 18:09:51.763.parquet,13.27,2025-04-21 20:43:14.791000+00:00,2025-04-22 01:33:18
806624850739_DC_HEATMAPS,806624850739_DC_HEATMAPS/2025-04-20 18:10:04.481.parquet,806624850739_DC_HEATMAPS/2025-04-20 18:10:04.481.parquet,13.02,2025-04-21 20:43:16.211000+00:00,2025-04-22 01:33:18
806624850739_DC_HEATMAPS,806624850739_DC_HEATMAPS/2025-04-20 18:10:06.54.parquet,806624850739_DC_HEATMAPS/2025-04-20 18:10:06.54.parquet,13.02,2025-04-21 20:43:17.540000+00:00,2025-04-22 01:33:18
806624850739_DC_HEATMAPS,806624850739_DC_HEATMAPS/2025-04-20 18:10:09.253.parquet,806624850739_DC_HEATMAPS/2025-04-20 18:10:09.253.parquet,13.02,2025-04-21 20:43:18.914000+00:00,2025-04-22 01:33:18
806624850739_DC_HEATMAPS,806624850739_DC_HEATMAPS/2025-04-20 18:10:11.935.parquet,806624850739_DC_HEATMAPS/2025-04-20 18:10:11.935.parquet,13.02,2025-04-21 20:43:20.303000+00:00,2025-04-22 01:33:18
806624850739_DC_HEATMAPS,806624850739_DC_HEATMAPS/2025-04-20 18:10:14.321.parquet,806624850739_DC_HEATMAPS/2025-04-20 18:10:14.321.parquet,13.02,2025-04-21 20:43:21.724000+00:00,2025-04-22 01:33:18
806624850739_DC_HEATMAPS,806624850739_DC_HEATMAPS/2025-04-20 18:10:16.934.parquet,806624850739_DC_HEATMAPS/2025-04-20 18:10:16.934.parquet,13.02,2025-04-21 20:43:23.099000+00:00,2025-04-22 01:33:18
806624850739_DC_HEATMAPS,806624850739_DC_HEATMAPS/2025-04-20 18:10:32.142.parquet,806624850739_DC_HEATMAPS/2025-04-20 18:10:32.142.parquet,13.06,2025-04-21 20:43:24.511000+00:00,2025-04-22 01:33:18
806624850739_DC_HEATMAPS,806624850739_DC_HEATMAPS/2025-04-20 18:10:34.131.parquet,806624850739_DC_HEATMAPS/2025-04-20 18:10:34.131.parquet,13.06,2025-04-21 20:43:25.853000+00:00,2025-04-22 01:33:18
806624850739_DC_HEATMAPS,806624850739_DC_HEATMAPS/2025-04-20 18:10:36.983.parquet,806624850739_DC_HEATMAPS/2025-04-20 18:10:36.983.parquet,13.06,2025-04-21 20:43:27.255000+00:00,2025-04-22 01:33:18
806624850739_DC_HEATMAPS,806624850739_DC_HEATMAPS/2025-04-20 18:10:41.387.parquet,806624850739_DC_HEATMAPS/2025-04-20 18:10:41.387.parquet,13.0,2025-04-21 20:43:28.700000+00:00,2025-04-22 01:33:18
806624850739_DC_HEATMAPS,806624850739_DC_HEATMAPS/2025-04-20 18:10:43.13.parquet,806624850739_DC_HEATMAPS/2025-04-20 18:10:43.13.parquet,13.0,2025-04-21 20:43:30.043000+00:00,2025-04-22 01:33:18
806624850739_DC_HEATMAPS,806624850739_DC_HEATMAPS/2025-04-20 18:10:45.189.parquet,806624850739_DC_HEATMAPS/2025-04-20 18:10:45.189.parquet,13.0,2025-04-21 20:43:31.372000+00:00,2025-04-22 01:33:18
806624850739_DC_HEATMAPS,806624850739_DC_HEATMAPS/2025-04-20 18:10:48.25.parquet,806624850739_DC_HEATMAPS/2025-04-20 18:10:48.25.parquet,13.0,2025-04-21 20:43:32.729000+00:00,2025-04-22 01:33:18
806624850739_DC_HEATMAPS,806624850739_DC_HEATMAPS/2025-04-20 18:10:50.981.parquet,806624850739_DC_HEATMAPS/2025-04-20 18:10:50.981.parquet,13.0,2025-04-21 20:43:34.056000+00:00,2025-04-22 01:33:18
806624850739_DC_HEATMAPS,806624850739_DC_HEATMAPS/2025-04-20 18:10:52.316.parquet,806624850739_DC_HEATMAPS/2025-04-20 18:10:52.316.parquet,13.0,2025-04-21 20:43:35.457000+00:00,2025-04-22 01:33:18
806624850739_DC_HEATMAPS,806624850739_DC_HEATMAPS/2025-04-20 18:10:53.65.parquet,806624850739_DC_HEATMAPS/2025-04-20 18:10:53.65.parquet,13.0,2025-04-21 20:43:36.902000+00:00,2025-04-22 01:33:18
806624850739_DC_HEATMAPS,806624850739_DC_HEATMAPS/2025-04-20 18:10:56.547.parquet,806624850739_DC_HEATMAPS/2025-04-20 18:10:56.547.parquet,12.98,2025-04-21 20:43:38.223000+00:00,2025-04-22 01:33:18
806624850739_DC_HEATMAPS,806624850739_DC_HEATMAPS/2025-04-20 18:11:02.161.parquet,806624850739_DC_HEATMAPS/2025-04-20 18:11:02.161.parquet,12.98,2025-04-21 20:43:39.562000+00:00,2025-04-22 01:33:18
806624850739_DC_HEATMAPS,806624850739_DC_HEATMAPS/2025-04-20 18:11:07.057.parquet,806624850739_DC_HEATMAPS/2025-04-20 18:11:07.057.parquet,13.02,2025-04-21 20:43:40.928000+00:00,2025-04-22 01:33:18
806624850739_DC_HEATMAPS,806624850739_DC_HEATMAPS/2025-04-20 18:11:08.529.parquet,806624850739_DC_HEATMAPS/2025-04-20 18:11:08.529.parquet,13.02,2025-04-21 20:43:42.245000+00:00,2025-04-22 01:33:18
806624850739_DC_HEATMAPS,806624850739_DC_HEATMAPS/2025-04-20 18:11:18.341.parquet,806624850739_DC_HEATMAPS/2025-04-20 18:11:18.341.parquet,12.99,2025-04-21 20:43:43.606000+00:00,2025-04-22 01:33:18
806624850739_DC_HEATMAPS,806624850739_DC_HEATMAPS/2025-04-20 18:11:21.098.parquet,806624850739_DC_HEATMAPS/2025-04-20 18:11:21.098.parquet,12.99,2025-04-21 20:43:45.027000+00:00,2025-04-22 01:33:18
806624850739_DC_HEATMAPS,806624850739_DC_HEATMAPS/2025-04-20 18:11:23.211.parquet,806624850739_DC_HEATMAPS/2025-04-20 18:11:23.211.parquet,12.99,2025-04-21 20:43:46.380000+00:00,2025-04-22 01:33:18
806624850739_DC_HEATMAPS,806624850739_DC_HEATMAPS/2025-04-20 18:11:27.108.parquet,806624850739_DC_HEATMAPS/2025-04-20 18:11:27.108.parquet,13.04,2025-04-21 20:43:47.764000+00:00,2025-04-22 01:33:18
806624850739_DC_HEATMAPS,806624850739_DC_HEATMAPS/2025-04-20 18:11:28.777.parquet,806624850739_DC_HEATMAPS/2025-04-20 18:11:28.777.parquet,13.04,2025-04-21 20:43:49.037000+00:00,2025-04-22 01:33:18
806624850739_DC_HEATMAPS,806624850739_DC_HEATMAPS/2025-04-20 18:11:32.774.parquet,806624850739_DC_HEATMAPS/2025-04-20 18:11:32.774.parquet,13.04,2025-04-21 20:43:50.356000+00:00,2025-04-22 01:33:18
806624850739_DC_HEATMAPS,806624850739_DC_HEATMAPS/2025-04-20 18:11:37.152.parquet,806624850739_DC_HEATMAPS/2025-04-20 18:11:37.152.parquet,13.02,2025-04-21 20:43:51.716000+00:00,2025-04-22 01:33:18
806624850739_DC_HEATMAPS,806624850739_DC_HEATMAPS/2025-04-20 18:11:39.73.parquet,806624850739_DC_HEATMAPS/2025-04-20 18:11:39.73.parquet,13.02,2025-04-21 20:43:53.131000+00:00,2025-04-22 01:33:18
806624850739_DC_HEATMAPS,806624850739_DC_HEATMAPS/2025-04-20 18:11:43.041.parquet,806624850739_DC_HEATMAPS/2025-04-20 18:11:43.041.parquet,13.02,2025-04-21 20:43:54.541000+00:00,2025-04-22 01:33:18
806624850739_DC_HEATMAPS,806624850739_DC_HEATMAPS/2025-04-20 18:11:47.033.parquet,806624850739_DC_HEATMAPS/2025-04-20 18:11:47.033.parquet,13.01,2025-04-21 20:43:55.979000+00:00,2025-04-22 01:33:18
806624850739_DC_HEATMAPS,806624850739_DC_HEATMAPS/2025-04-20 18:12:18.034.parquet,806624850739_DC_HEATMAPS/2025-04-20 18:12:18.034.parquet,13.18,2025-04-21 20:43:57.288000+00:00,2025-04-22 01:33:18
806624850739_DC_HEATMAPS,806624850739_DC_HEATMAPS/2025-04-20 18:12:22.041.parquet,806624850739_DC_HEATMAPS/2025-04-20 18:12:22.041.parquet,13.04,2025-04-21 20:43:58.706000+00:00,2025-04-22 01:33:18
806624850739_DC_HEATMAPS,806624850739_DC_HEATMAPS/2025-04-20 18:12:24.481.parquet,806624850739_DC_HEATMAPS/2025-04-20 18:12:24.481.parquet,13.04,2025-04-21 20:44:00.117000+00:00,2025-04-22 01:33:18
806624850739_DC_HEATMAPS,806624850739_DC_HEATMAPS/2025-04-20 18:12:34.168.parquet,806624850739_DC_HEATMAPS/2025-04-20 18:12:34.168.parquet,13.04,2025-04-21 20:44:01.514000+00:00,2025-04-22 01:33:18
806624850739_DC_HEATMAPS,806624850739_DC_HEATMAPS/2025-04-20 18:12:40.102.parquet,806624850739_DC_HEATMAPS/2025-04-20 18:12:40.102.parquet,12.99,2025-04-21 20:44:02.966000+00:00,2025-04-22 01:33:18
806624850739_DC_HEATMAPS,806624850739_DC_HEATMAPS/2025-04-20 18:12:41.87.parquet,806624850739_DC_HEATMAPS/2025-04-20 18:12:41.87.parquet,12.99,2025-04-21 20:44:04.381000+00:00,2025-04-22 01:33:18
806624850739_DC_HEATMAPS,806624850739_DC_HEATMAPS/2025-04-20 18:12:44.194.parquet,806624850739_DC_HEATMAPS/2025-04-20 18:12:44.194.parquet,12.99,2025-04-21 20:44:05.766000+00:00,2025-04-22 01:33:18
806624850739_DC_HEATMAPS,806624850739_DC_HEATMAPS/2025-04-20 18:12:47.918.parquet,806624850739_DC_HEATMAPS/2025-04-20 18:12:47.918.parquet,13.08,2025-04-21 20:44:07.130000+00:00,2025-04-22 01:33:18
806624850739_DC_HEATMAPS,806624850739_DC_HEATMAPS/2025-04-20 18:12:51.69.parquet,806624850739_DC_HEATMAPS/2025-04-20 18:12:51.69.parquet,13.08,2025-04-21 20:44:08.593000+00:00,2025-04-22 01:33:18
806624850739_DC_HEATMAPS,806624850739_DC_HEATMAPS/2025-04-20 18:12:54.663.parquet,806624850739_DC_HEATMAPS/2025-04-20 18:12:54.663.parquet,13.08,2025-04-21 20:44:09.958000+00:00,2025-04-22 01:33:18
806624850739_DC_HEATMAPS,806624850739_DC_HEATMAPS/2025-04-20 18:12:56.518.parquet,806624850739_DC_HEATMAPS/2025-04-20 18:12:56.518.parquet,13.14,2025-04-21 20:44:11.292000+00:00,2025-04-22 01:33:18
806624850739_DC_HEATMAPS,806624850739_DC_HEATMAPS/2025-04-20 18:12:58.399.parquet,806624850739_DC_HEATMAPS/2025-04-20 18:12:58.399.parquet,13.14,2025-04-21 20:44:12.667000+00:00,2025-04-22 01:33:18
141849189164_DC_HEATMAPS,141849189164_DC_HEATMAPS/2025-04-10 15:12:12.51.parquet,141849189164_DC_HEATMAPS/2025-04-10 15:12:12.51.parquet,13.51,2025-04-14 14:55:52.281000+00:00,2025-04-22 01:35:37
141849189164_DC_HEATMAPS,141849189164_DC_HEATMAPS/2025-04-10 15:12:23.136.parquet,141849189164_DC_HEATMAPS/2025-04-10 15:12:23.136.parquet,13.5,2025-04-14 14:55:52.941000+00:00,2025-04-22 01:35:37
141849189164_DC_HEATMAPS,141849189164_DC_HEATMAPS/2025-04-10 15:12:32.723.parquet,141849189164_DC_HEATMAPS/2025-04-10 15:12:32.723.parquet,13.5,2025-04-14 14:55:53.610000+00:00,2025-04-22 01:35:37
141849189164_DC_HEATMAPS,141849189164_DC_HEATMAPS/2025-04-10 15:12:35.78.parquet,141849189164_DC_HEATMAPS/2025-04-10 15:12:35.78.parquet,13.51,2025-04-14 14:55:54.269000+00:00,2025-04-22 01:35:37
141849189164_DC_HEATMAPS,141849189164_DC_HEATMAPS/2025-04-10 15:12:38.178.parquet,141849189164_DC_HEATMAPS/2025-04-10 15:12:38.178.parquet,13.51,2025-04-14 14:55:54.904000+00:00,2025-04-22 01:35:37
141849189164_DC_HEATMAPS,141849189164_DC_HEATMAPS/2025-04-10 15:12:41.072.parquet,141849189164_DC_HEATMAPS/2025-04-10 15:12:41.072.parquet,13.51,2025-04-14 14:55:55.540000+00:00,2025-04-22 01:35:37
141849189164_DC_HEATMAPS,141849189164_DC_HEATMAPS/2025-04-10 15:12:42.602.parquet,141849189164_DC_HEATMAPS/2025-04-10 15:12:42.602.parquet,13.51,2025-04-14 14:55:56.187000+00:00,2025-04-22 01:35:37
141849189164_DC_HEATMAPS,141849189164_DC_HEATMAPS/2025-04-10 15:12:44.388.parquet,141849189164_DC_HEATMAPS/2025-04-10 15:12:44.388.parquet,13.5,2025-04-14 14:55:56.842000+00:00,2025-04-22 01:35:37
141849189164_DC_HEATMAPS,141849189164_DC_HEATMAPS/2025-04-10 15:12:48.358.parquet,141849189164_DC_HEATMAPS/2025-04-10 15:12:48.358.parquet,13.5,2025-04-14 14:55:57.467000+00:00,2025-04-22 01:35:37
141849189164_DC_HEATMAPS,141849189164_DC_HEATMAPS/2025-04-10 15:12:49.29.parquet,141849189164_DC_HEATMAPS/2025-04-10 15:12:49.29.parquet,13.5,2025-04-14 14:55:58.075000+00:00,2025-04-22 01:35:37
141849189164_DC_HEATMAPS,141849189164_DC_HEATMAPS/2025-04-10 15:13:22.629.parquet,141849189164_DC_HEATMAPS/2025-04-10 15:13:22.629.parquet,13.51,2025-04-14 14:55:58.676000+00:00,2025-04-22 01:35:37
141849189164_DC_HEATMAPS,141849189164_DC_HEATMAPS/2025-04-10 15:13:34.822.parquet,141849189164_DC_HEATMAPS/2025-04-10 15:13:34.822.parquet,13.51,2025-04-14 14:55:59.298000+00:00,2025-04-22 01:35:37
141849189164_DC_HEATMAPS,141849189164_DC_HEATMAPS/2025-04-10 15:13:47.322.parquet,141849189164_DC_HEATMAPS/2025-04-10 15:13:47.322.parquet,13.5,2025-04-14 14:55:59.937000+00:00,2025-04-22 01:35:37
141849189164_DC_HEATMAPS,141849189164_DC_HEATMAPS/2025-04-10 15:13:54.07.parquet,141849189164_DC_HEATMAPS/2025-04-10 15:13:54.07.parquet,13.51,2025-04-14 14:56:00.594000+00:00,2025-04-22 01:35:37
141849189164_DC_HEATMAPS,141849189164_DC_HEATMAPS/2025-04-10 15:14:02.926.parquet,141849189164_DC_HEATMAPS/2025-04-10 15:14:02.926.parquet,13.51,2025-04-14 14:56:01.250000+00:00,2025-04-22 01:35:37
141849189164_DC_HEATMAPS,141849189164_DC_HEATMAPS/2025-04-10 15:14:12.542.parquet,141849189164_DC_HEATMAPS/2025-04-10 15:14:12.542.parquet,13.51,2025-04-14 14:56:01.888000+00:00,2025-04-22 01:35:37
141849189164_DC_HEATMAPS,141849189164_DC_HEATMAPS/2025-04-10 15:14:25.102.parquet,141849189164_DC_HEATMAPS/2025-04-10 15:14:25.102.parquet,13.51,2025-04-14 14:56:02.525000+00:00,2025-04-22 01:35:37
141849189164_DC_HEATMAPS,141849189164_DC_HEATMAPS/2025-04-10 15:14:41.525.parquet,141849189164_DC_HEATMAPS/2025-04-10 15:14:41.525.parquet,13.51,2025-04-14 14:56:03.167000+00:00,2025-04-22 01:35:37
141849189164_DC_HEATMAPS,141849189164_DC_HEATMAPS/2025-04-10 15:15:04.76.parquet,141849189164_DC_HEATMAPS/2025-04-10 15:15:04.76.parquet,13.51,2025-04-14 14:56:03.820000+00:00,2025-04-22 01:35:37
141849189164_DC_HEATMAPS,141849189164_DC_HEATMAPS/2025-04-10 15:15:09.344.parquet,141849189164_DC_HEATMAPS/2025-04-10 15:15:09.344.parquet,13.51,2025-04-14 14:56:04.477000+00:00,2025-04-22 01:35:37
141849189164_DC_HEATMAPS,141849189164_DC_HEATMAPS/2025-04-10 15:15:18.744.parquet,141849189164_DC_HEATMAPS/2025-04-10 15:15:18.744.parquet,13.51,2025-04-14 14:56:05.131000+00:00,2025-04-22 01:35:37
141849189164_DC_HEATMAPS,141849189164_DC_HEATMAPS/2025-04-10 15:15:31.264.parquet,141849189164_DC_HEATMAPS/2025-04-10 15:15:31.264.parquet,13.51,2025-04-14 14:56:05.797000+00:00,2025-04-22 01:35:37
141849189164_DC_HEATMAPS,141849189164_DC_HEATMAPS/2025-04-10 15:15:49.641.parquet,141849189164_DC_HEATMAPS/2025-04-10 15:15:49.641.parquet,13.5,2025-04-14 14:56:06.448000+00:00,2025-04-22 01:35:37
141849189164_DC_HEATMAPS,141849189164_DC_HEATMAPS/2025-04-10 15:16:07.065.parquet,141849189164_DC_HEATMAPS/2025-04-10 15:16:07.065.parquet,13.5,2025-04-14 14:56:07.087000+00:00,2025-04-22 01:35:37
141849189164_DC_HEATMAPS,141849189164_DC_HEATMAPS/2025-04-10 15:16:20.949.parquet,141849189164_DC_HEATMAPS/2025-04-10 15:16:20.949.parquet,13.5,2025-04-14 14:56:07.748000+00:00,2025-04-22 01:35:37
141849189164_DC_HEATMAPS,141849189164_DC_HEATMAPS/2025-04-10 15:16:34.431.parquet,141849189164_DC_HEATMAPS/2025-04-10 15:16:34.431.parquet,13.5,2025-04-14 14:56:08.401000+00:00,2025-04-22 01:35:37
141849189164_DC_HEATMAPS,141849189164_DC_HEATMAPS/2025-04-10 15:16:41.494.parquet,141849189164_DC_HEATMAPS/2025-04-10 15:16:41.494.parquet,13.51,2025-04-14 14:56:09.065000+00:00,2025-04-22 01:35:37
141849189164_DC_HEATMAPS,141849189164_DC_HEATMAPS/2025-04-10 15:16:43.746.parquet,141849189164_DC_HEATMAPS/2025-04-10 15:16:43.746.parquet,13.51,2025-04-14 14:56:09.710000+00:00,2025-04-22 01:35:37
141849189164_DC_HEATMAPS,141849189164_DC_HEATMAPS/2025-04-10 15:16:52.834.parquet,141849189164_DC_HEATMAPS/2025-04-10 15:16:52.834.parquet,13.5,2025-04-14 14:56:10.344000+00:00,2025-04-22 01:35:37
141849189164_DC_HEATMAPS,141849189164_DC_HEATMAPS/2025-04-10 15:17:05.524.parquet,141849189164_DC_HEATMAPS/2025-04-10 15:17:05.524.parquet,13.5,2025-04-14 14:56:11.010000+00:00,2025-04-22 01:35:37
141849189164_DC_HEATMAPS,141849189164_DC_HEATMAPS/2025-04-10 15:17:17.809.parquet,141849189164_DC_HEATMAPS/2025-04-10 15:17:17.809.parquet,13.51,2025-04-14 14:56:11.678000+00:00,2025-04-22 01:35:37
141849189164_DC_HEATMAPS,141849189164_DC_HEATMAPS/2025-04-10 15:17:21.689.parquet,141849189164_DC_HEATMAPS/2025-04-10 15:17:21.689.parquet,13.51,2025-04-14 14:56:12.321000+00:00,2025-04-22 01:35:37
141849189164_DC_HEATMAPS,141849189164_DC_HEATMAPS/2025-04-10 15:17:25.526.parquet,141849189164_DC_HEATMAPS/2025-04-10 15:17:25.526.parquet,13.51,2025-04-14 14:56:12.980000+00:00,2025-04-22 01:35:37
141849189164_DC_HEATMAPS,141849189164_DC_HEATMAPS/2025-04-10 15:17:32.735.parquet,141849189164_DC_HEATMAPS/2025-04-10 15:17:32.735.parquet,13.5,2025-04-14 14:56:13.621000+00:00,2025-04-22 01:35:37
141849189164_DC_HEATMAPS,141849189164_DC_HEATMAPS/2025-04-10 15:17:37.513.parquet,141849189164_DC_HEATMAPS/2025-04-10 15:17:37.513.parquet,13.5,2025-04-14 14:56:14.266000+00:00,2025-04-22 01:35:37
141849189164_DC_HEATMAPS,141849189164_DC_HEATMAPS/2025-04-10 15:17:44.083.parquet,141849189164_DC_HEATMAPS/2025-04-10 15:17:44.083.parquet,13.51,2025-04-14 14:56:14.929000+00:00,2025-04-22 01:35:37
141849189164_DC_HEATMAPS,141849189164_DC_HEATMAPS/2025-04-10 15:17:48.318.parquet,141849189164_DC_HEATMAPS/2025-04-10 15:17:48.318.parquet,13.51,2025-04-14 14:56:15.569000+00:00,2025-04-22 01:35:37
141849189164_DC_HEATMAPS,141849189164_DC_HEATMAPS/2025-04-10 15:18:00.419.parquet,141849189164_DC_HEATMAPS/2025-04-10 15:18:00.419.parquet,13.51,2025-04-14 14:56:16.209000+00:00,2025-04-22 01:35:37
141849189164_DC_HEATMAPS,141849189164_DC_HEATMAPS/2025-04-10 15:18:10.811.parquet,141849189164_DC_HEATMAPS/2025-04-10 15:18:10.811.parquet,13.51,2025-04-14 14:56:16.826000+00:00,2025-04-22 01:35:37
141849189164_DC_HEATMAPS,141849189164_DC_HEATMAPS/2025-04-10 15:18:21.655.parquet,141849189164_DC_HEATMAPS/2025-04-10 15:18:21.655.parquet,13.51,2025-04-14 14:56:17.425000+00:00,2025-04-22 01:35:37
141849189164_DC_HEATMAPS,141849189164_DC_HEATMAPS/2025-04-10 15:18:37.067.parquet,141849189164_DC_HEATMAPS/2025-04-10 15:18:37.067.parquet,13.51,2025-04-14 14:56:18.052000+00:00,2025-04-22 01:35:37
141849189164_DC_HEATMAPS,141849189164_DC_HEATMAPS/2025-04-10 15:18:40.179.parquet,141849189164_DC_HEATMAPS/2025-04-10 15:18:40.179.parquet,13.51,2025-04-14 14:56:18.711000+00:00,2025-04-22 01:35:37
141849189164_DC_HEATMAPS,141849189164_DC_HEATMAPS/2025-04-10 15:18:50.794.parquet,141849189164_DC_HEATMAPS/2025-04-10 15:18:50.794.parquet,13.51,2025-04-14 14:56:19.383000+00:00,2025-04-22 01:35:37
141849189164_DC_HEATMAPS,141849189164_DC_HEATMAPS/2025-04-10 15:19:02.161.parquet,141849189164_DC_HEATMAPS/2025-04-10 15:19:02.161.parquet,13.51,2025-04-14 14:56:20.029000+00:00,2025-04-22 01:35:37
141849189164_DC_HEATMAPS,141849189164_DC_HEATMAPS/2025-04-10 15:19:06.847.parquet,141849189164_DC_HEATMAPS/2025-04-10 15:19:06.847.parquet,13.51,2025-04-14 14:56:20.688000+00:00,2025-04-22 01:35:37
141849189164_DC_HEATMAPS,141849189164_DC_HEATMAPS/2025-04-10 15:19:10.327.parquet,141849189164_DC_HEATMAPS/2025-04-10 15:19:10.327.parquet,13.51,2025-04-14 14:56:21.342000+00:00,2025-04-22 01:35:37
141849189164_DC_HEATMAPS,141849189164_DC_HEATMAPS/2025-04-10 15:19:14.532.parquet,141849189164_DC_HEATMAPS/2025-04-10 15:19:14.532.parquet,13.51,2025-04-14 14:56:21.999000+00:00,2025-04-22 01:35:37
141849189164_DC_HEATMAPS,141849189164_DC_HEATMAPS/2025-04-10 15:19:20.139.parquet,141849189164_DC_HEATMAPS/2025-04-10 15:19:20.139.parquet,13.51,2025-04-14 14:56:22.660000+00:00,2025-04-22 01:35:37
141849189164_DC_HEATMAPS,141849189164_DC_HEATMAPS/2025-04-10 15:19:21.379.parquet,141849189164_DC_HEATMAPS/2025-04-10 15:19:21.379.parquet,13.51,2025-04-14 14:56:23.317000+00:00,2025-04-22 01:35:37
141849189164_DC_HEATMAPS,141849189164_DC_HEATMAPS/2025-04-10 15:19:30.4.parquet,141849189164_DC_HEATMAPS/2025-04-10 15:19:30.4.parquet,13.51,2025-04-14 14:56:23.959000+00:00,2025-04-22 01:35:37
141849189164_DC_HEATMAPS,141849189164_DC_HEATMAPS/2025-04-10 15:19:36.584.parquet,141849189164_DC_HEATMAPS/2025-04-10 15:19:36.584.parquet,13.51,2025-04-14 14:56:24.599000+00:00,2025-04-22 01:35:37
141849189164_DC_HEATMAPS,141849189164_DC_HEATMAPS/2025-04-10 15:19:46.046.parquet,141849189164_DC_HEATMAPS/2025-04-10 15:19:46.046.parquet,13.51,2025-04-14 14:56:25.236000+00:00,2025-04-22 01:35:37
141849189164_DC_HEATMAPS,141849189164_DC_HEATMAPS/2025-04-10 15:20:15.24.parquet,141849189164_DC_HEATMAPS/2025-04-10 15:20:15.24.parquet,13.51,2025-04-14 14:56:25.874000+00:00,2025-04-22 01:35:37
141849189164_DC_HEATMAPS,141849189164_DC_HEATMAPS/2025-04-10 15:20:24.48.parquet,141849189164_DC_HEATMAPS/2025-04-10 15:20:24.48.parquet,13.51,2025-04-14 14:56:26.507000+00:00,2025-04-22 01:35:37
141849189164_DC_HEATMAPS,141849189164_DC_HEATMAPS/2025-04-10 15:20:32.998.parquet,141849189164_DC_HEATMAPS/2025-04-10 15:20:32.998.parquet,13.51,2025-04-14 14:56:27.155000+00:00,2025-04-22 01:35:37
141849189164_DC_HEATMAPS,141849189164_DC_HEATMAPS/2025-04-10 15:20:37.258.parquet,141849189164_DC_HEATMAPS/2025-04-10 15:20:37.258.parquet,13.51,2025-04-14 14:56:27.802000+00:00,2025-04-22 01:35:37
141849189164_DC_HEATMAPS,141849189164_DC_HEATMAPS/2025-04-10 15:20:41.68.parquet,141849189164_DC_HEATMAPS/2025-04-10 15:20:41.68.parquet,13.51,2025-04-14 14:56:28.454000+00:00,2025-04-22 01:35:37
141849189164_DC_HEATMAPS,141849189164_DC_HEATMAPS/2025-04-10 15:20:53.432.parquet,141849189164_DC_HEATMAPS/2025-04-10 15:20:53.432.parquet,13.51,2025-04-14 14:56:29.102000+00:00,2025-04-22 01:35:37
141849189164_DC_HEATMAPS,141849189164_DC_HEATMAPS/2025-04-10 15:21:00.587.parquet,141849189164_DC_HEATMAPS/2025-04-10 15:21:00.587.parquet,13.51,2025-04-14 14:56:29.733000+00:00,2025-04-22 01:35:37
141849189164_DC_HEATMAPS,141849189164_DC_HEATMAPS/2025-04-10 15:21:11.728.parquet,141849189164_DC_HEATMAPS/2025-04-10 15:21:11.728.parquet,13.51,2025-04-14 14:56:30.387000+00:00,2025-04-22 01:35:37
141849189164_DC_HEATMAPS,141849189164_DC_HEATMAPS/2025-04-10 15:21:16.669.parquet,141849189164_DC_HEATMAPS/2025-04-10 15:21:16.669.parquet,13.51,2025-04-14 14:56:31.045000+00:00,2025-04-22 01:35:37
141849189164_DC_HEATMAPS,141849189164_DC_HEATMAPS/2025-04-10 15:21:19.784.parquet,141849189164_DC_HEATMAPS/2025-04-10 15:21:19.784.parquet,13.51,2025-04-14 14:56:31.693000+00:00,2025-04-22 01:35:37
141849189164_DC_HEATMAPS,141849189164_DC_HEATMAPS/2025-04-10 15:21:34.281.parquet,141849189164_DC_HEATMAPS/2025-04-10 15:21:34.281.parquet,13.51,2025-04-14 14:56:32.337000+00:00,2025-04-22 01:35:37
141849189164_DC_HEATMAPS,141849189164_DC_HEATMAPS/2025-04-10 15:21:47.37.parquet,141849189164_DC_HEATMAPS/2025-04-10 15:21:47.37.parquet,13.51,2025-04-14 14:56:32.979000+00:00,2025-04-22 01:35:37
141849189164_DC_HEATMAPS,141849189164_DC_HEATMAPS/2025-04-10 15:22:26.085.parquet,141849189164_DC_HEATMAPS/2025-04-10 15:22:26.085.parquet,13.51,2025-04-14 14:56:33.610000+00:00,2025-04-22 01:35:37
141849189164_DC_HEATMAPS,141849189164_DC_HEATMAPS/2025-04-10 15:22:35.827.parquet,141849189164_DC_HEATMAPS/2025-04-10 15:22:35.827.parquet,13.51,2025-04-14 14:56:34.247000+00:00,2025-04-22 01:35:37
141849189164_DC_HEATMAPS,141849189164_DC_HEATMAPS/2025-04-10 15:22:41.626.parquet,141849189164_DC_HEATMAPS/2025-04-10 15:22:41.626.parquet,13.51,2025-04-14 14:56:34.888000+00:00,2025-04-22 01:35:37
141849189164_DC_HEATMAPS,141849189164_DC_HEATMAPS/2025-04-10 15:22:45.569.parquet,141849189164_DC_HEATMAPS/2025-04-10 15:22:45.569.parquet,13.51,2025-04-14 14:56:35.510000+00:00,2025-04-22 01:35:37
141849189164_DC_HEATMAPS,141849189164_DC_HEATMAPS/2025-04-10 15:22:47.867.parquet,141849189164_DC_HEATMAPS/2025-04-10 15:22:47.867.parquet,13.51,2025-04-14 14:56:36.115000+00:00,2025-04-22 01:35:37
141849189164_DC_HEATMAPS,141849189164_DC_HEATMAPS/2025-04-10 15:22:54.94.parquet,141849189164_DC_HEATMAPS/2025-04-10 15:22:54.94.parquet,13.51,2025-04-14 14:56:36.750000+00:00,2025-04-22 01:35:37
141849189164_DC_HEATMAPS,141849189164_DC_HEATMAPS/2025-04-10 15:23:11.85.parquet,141849189164_DC_HEATMAPS/2025-04-10 15:23:11.85.parquet,13.5,2025-04-14 14:56:37.394000+00:00,2025-04-22 01:35:37
141849189164_DC_HEATMAPS,141849189164_DC_HEATMAPS/2025-04-10 15:23:21.406.parquet,141849189164_DC_HEATMAPS/2025-04-10 15:23:21.406.parquet,13.51,2025-04-14 14:56:38.039000+00:00,2025-04-22 01:35:37
141849189164_DC_HEATMAPS,141849189164_DC_HEATMAPS/2025-04-10 15:23:29.331.parquet,141849189164_DC_HEATMAPS/2025-04-10 15:23:29.331.parquet,13.51,2025-04-14 14:56:38.686000+00:00,2025-04-22 01:35:37
141849189164_DC_HEATMAPS,141849189164_DC_HEATMAPS/2025-04-10 15:23:34.028.parquet,141849189164_DC_HEATMAPS/2025-04-10 15:23:34.028.parquet,13.51,2025-04-14 14:56:39.333000+00:00,2025-04-22 01:35:37
141849189164_DC_HEATMAPS,141849189164_DC_HEATMAPS/2025-04-10 15:23:45.406.parquet,141849189164_DC_HEATMAPS/2025-04-10 15:23:45.406.parquet,13.51,2025-04-14 14:56:39.970000+00:00,2025-04-22 01:35:37
141849189164_DC_HEATMAPS,141849189164_DC_HEATMAPS/2025-04-10 15:23:58.046.parquet,141849189164_DC_HEATMAPS/2025-04-10 15:23:58.046.parquet,13.51,2025-04-14 14:56:40.625000+00:00,2025-04-22 01:35:37
141849189164_DC_HEATMAPS,141849189164_DC_HEATMAPS/2025-04-10 15:24:02.973.parquet,141849189164_DC_HEATMAPS/2025-04-10 15:24:02.973.parquet,13.5,2025-04-14 14:56:41.257000+00:00,2025-04-22 01:35:37
141849189164_DC_HEATMAPS,141849189164_DC_HEATMAPS/2025-04-10 15:24:07.204.parquet,141849189164_DC_HEATMAPS/2025-04-10 15:24:07.204.parquet,13.51,2025-04-14 14:56:41.899000+00:00,2025-04-22 01:35:37
141849189164_DC_HEATMAPS,141849189164_DC_HEATMAPS/2025-04-10 15:24:12.745.parquet,141849189164_DC_HEATMAPS/2025-04-10 15:24:12.745.parquet,13.51,2025-04-14 14:56:42.546000+00:00,2025-04-22 01:35:37
141849189164_DC_HEATMAPS,141849189164_DC_HEATMAPS/2025-04-10 15:24:21.965.parquet,141849189164_DC_HEATMAPS/2025-04-10 15:24:21.965.parquet,13.51,2025-04-14 14:56:43.173000+00:00,2025-04-22 01:35:37
141849189164_DC_HEATMAPS,141849189164_DC_HEATMAPS/2025-04-10 15:24:42.352.parquet,141849189164_DC_HEATMAPS/2025-04-10 15:24:42.352.parquet,13.51,2025-04-14 14:56:43.809000+00:00,2025-04-22 01:35:37
141849189164_DC_HEATMAPS,141849189164_DC_HEATMAPS/2025-04-10 15:24:50.984.parquet,141849189164_DC_HEATMAPS/2025-04-10 15:24:50.984.parquet,13.5,2025-04-14 14:56:44.466000+00:00,2025-04-22 01:35:37
141849189164_DC_HEATMAPS,141849189164_DC_HEATMAPS/2025-04-10 15:25:08.688.parquet,141849189164_DC_HEATMAPS/2025-04-10 15:25:08.688.parquet,13.5,2025-04-14 14:56:45.106000+00:00,2025-04-22 01:35:37
141849189164_DC_HEATMAPS,141849189164_DC_HEATMAPS/2025-04-10 15:25:17.797.parquet,141849189164_DC_HEATMAPS/2025-04-10 15:25:17.797.parquet,13.5,2025-04-14 14:56:45.749000+00:00,2025-04-22 01:35:37
141849189164_DC_HEATMAPS,141849189164_DC_HEATMAPS/2025-04-10 15:25:25.208.parquet,141849189164_DC_HEATMAPS/2025-04-10 15:25:25.208.parquet,13.51,2025-04-14 14:56:46.393000+00:00,2025-04-22 01:35:37
141849189164_DC_HEATMAPS,141849189164_DC_HEATMAPS/2025-04-10 15:25:30.781.parquet,141849189164_DC_HEATMAPS/2025-04-10 15:25:30.781.parquet,13.51,2025-04-14 14:56:47.035000+00:00,2025-04-22 01:35:37
141849189164_DC_HEATMAPS,141849189164_DC_HEATMAPS/2025-04-10 15:25:43.172.parquet,141849189164_DC_HEATMAPS/2025-04-10 15:25:43.172.parquet,13.51,2025-04-14 14:56:47.675000+00:00,2025-04-22 01:35:37
141849189164_DC_HEATMAPS,141849189164_DC_HEATMAPS/2025-04-10 15:26:05.144.parquet,141849189164_DC_HEATMAPS/2025-04-10 15:26:05.144.parquet,13.51,2025-04-14 14:56:48.318000+00:00,2025-04-22 01:35:37
141849189164_DC_HEATMAPS,141849189164_DC_HEATMAPS/2025-04-10 15:26:13.156.parquet,141849189164_DC_HEATMAPS/2025-04-10 15:26:13.156.parquet,13.5,2025-04-14 14:56:48.967000+00:00,2025-04-22 01:35:37
141849189164_DC_HEATMAPS,141849189164_DC_HEATMAPS/2025-04-10 15:26:24.098.parquet,141849189164_DC_HEATMAPS/2025-04-10 15:26:24.098.parquet,13.51,2025-04-14 14:56:49.609000+00:00,2025-04-22 01:35:37
141849189164_DC_HEATMAPS,141849189164_DC_HEATMAPS/2025-04-10 15:26:28.34.parquet,141849189164_DC_HEATMAPS/2025-04-10 15:26:28.34.parquet,13.5,2025-04-14 14:56:50.243000+00:00,2025-04-22 01:35:37
141849189164_DC_HEATMAPS,141849189164_DC_HEATMAPS/2025-04-10 15:26:31.92.parquet,141849189164_DC_HEATMAPS/2025-04-10 15:26:31.92.parquet,13.5,2025-04-14 14:56:50.881000+00:00,2025-04-22 01:35:37
141849189164_DC_HEATMAPS,141849189164_DC_HEATMAPS/2025-04-10 15:27:05.368.parquet,141849189164_DC_HEATMAPS/2025-04-10 15:27:05.368.parquet,13.51,2025-04-14 14:56:51.518000+00:00,2025-04-22 01:35:37
141849189164_DC_HEATMAPS,141849189164_DC_HEATMAPS/2025-04-10 15:27:13.18.parquet,141849189164_DC_HEATMAPS/2025-04-10 15:27:13.18.parquet,13.51,2025-04-14 14:56:52.169000+00:00,2025-04-22 01:35:37
141849189164_DC_HEATMAPS,141849189164_DC_HEATMAPS/2025-04-10 15:27:32.257.parquet,141849189164_DC_HEATMAPS/2025-04-10 15:27:32.257.parquet,13.51,2025-04-14 14:56:52.838000+00:00,2025-04-22 01:35:37
141849189164_DC_HEATMAPS,141849189164_DC_HEATMAPS/2025-04-10 15:27:36.262.parquet,141849189164_DC_HEATMAPS/2025-04-10 15:27:36.262.parquet,13.51,2025-04-14 14:56:53.479000+00:00,2025-04-22 01:35:37
141849189164_DC_HEATMAPS,141849189164_DC_HEATMAPS/2025-04-10 15:27:41.11.parquet,141849189164_DC_HEATMAPS/2025-04-10 15:27:41.11.parquet,13.51,2025-04-14 14:56:54.120000+00:00,2025-04-22 01:35:37
141849189164_DC_HEATMAPS,141849189164_DC_HEATMAPS/2025-04-10 15:27:43.131.parquet,141849189164_DC_HEATMAPS/2025-04-10 15:27:43.131.parquet,13.51,2025-04-14 14:56:54.738000+00:00,2025-04-22 01:35:37
141849189164_DC_HEATMAPS,141849189164_DC_HEATMAPS/2025-04-10 15:27:50.191.parquet,141849189164_DC_HEATMAPS/2025-04-10 15:27:50.191.parquet,13.51,2025-04-14 14:56:55.345000+00:00,2025-04-22 01:35:37
141849189164_DC_HEATMAPS,141849189164_DC_HEATMAPS/2025-04-10 15:28:02.538.parquet,141849189164_DC_HEATMAPS/2025-04-10 15:28:02.538.parquet,13.51,2025-04-14 14:56:55.985000+00:00,2025-04-22 01:35:37
141849189164_DC_HEATMAPS,141849189164_DC_HEATMAPS/2025-04-10 15:28:14.162.parquet,141849189164_DC_HEATMAPS/2025-04-10 15:28:14.162.parquet,13.51,2025-04-14 14:56:56.640000+00:00,2025-04-22 01:35:37
141849189164_DC_HEATMAPS,141849189164_DC_HEATMAPS/2025-04-10 15:28:50.16.parquet,141849189164_DC_HEATMAPS/2025-04-10 15:28:50.16.parquet,13.51,2025-04-14 14:56:57.299000+00:00,2025-04-22 01:35:37
141849189164_DC_HEATMAPS,141849189164_DC_HEATMAPS/2025-04-10 15:29:01.447.parquet,141849189164_DC_HEATMAPS/2025-04-10 15:29:01.447.parquet,13.51,2025-04-14 14:56:57.948000+00:00,2025-04-22 01:35:37
141849189164_DC_HEATMAPS,141849189164_DC_HEATMAPS/2025-04-10 15:29:13.462.parquet,141849189164_DC_HEATMAPS/2025-04-10 15:29:13.462.parquet,13.51,2025-04-14 14:56:58.597000+00:00,2025-04-22 01:35:37
141849189164_DC_HEATMAPS,141849189164_DC_HEATMAPS/2025-04-10 15:29:19.424.parquet,141849189164_DC_HEATMAPS/2025-04-10 15:29:19.424.parquet,13.51,2025-04-14 14:56:59.254000+00:00,2025-04-22 01:35:37
141849189164_DC_HEATMAPS,141849189164_DC_HEATMAPS/2025-04-10 15:29:42.657.parquet,141849189164_DC_HEATMAPS/2025-04-10 15:29:42.657.parquet,13.51,2025-04-14 14:56:59.900000+00:00,2025-04-22 01:35:37
141849189164_DC_HEATMAPS,141849189164_DC_HEATMAPS/2025-04-10 15:29:52.114.parquet,141849189164_DC_HEATMAPS/2025-04-10 15:29:52.114.parquet,13.51,2025-04-14 14:57:00.530000+00:00,2025-04-22 01:35:37
141849189164_DC_HEATMAPS,141849189164_DC_HEATMAPS/2025-04-10 15:30:03.333.parquet,141849189164_DC_HEATMAPS/2025-04-10 15:30:03.333.parquet,13.51,2025-04-14 14:57:01.176000+00:00,2025-04-22 01:35:37
141849189164_DC_HEATMAPS,141849189164_DC_HEATMAPS/2025-04-10 15:30:13.395.parquet,141849189164_DC_HEATMAPS/2025-04-10 15:30:13.395.parquet,13.51,2025-04-14 14:57:01.828000+00:00,2025-04-22 01:35:37
141849189164_DC_HEATMAPS,141849189164_DC_HEATMAPS/2025-04-10 15:30:18.99.parquet,141849189164_DC_HEATMAPS/2025-04-10 15:30:18.99.parquet,13.51,2025-04-14 14:57:02.460000+00:00,2025-04-22 01:35:37
141849189164_DC_HEATMAPS,141849189164_DC_HEATMAPS/2025-04-10 15:30:24.515.parquet,141849189164_DC_HEATMAPS/2025-04-10 15:30:24.515.parquet,13.51,2025-04-14 14:57:03.110000+00:00,2025-04-22 01:35:37
141849189164_DC_HEATMAPS,141849189164_DC_HEATMAPS/2025-04-10 15:31:43.016.parquet,141849189164_DC_HEATMAPS/2025-04-10 15:31:43.016.parquet,13.51,2025-04-14 14:57:03.759000+00:00,2025-04-22 01:35:37
141849189164_DC_HEATMAPS,141849189164_DC_HEATMAPS/2025-04-10 15:32:11.87.parquet,141849189164_DC_HEATMAPS/2025-04-10 15:32:11.87.parquet,13.51,2025-04-14 14:57:04.417000+00:00,2025-04-22 01:35:37
141849189164_DC_HEATMAPS,141849189164_DC_HEATMAPS/2025-04-10 15:32:38.012.parquet,141849189164_DC_HEATMAPS/2025-04-10 15:32:38.012.parquet,13.51,2025-04-14 14:57:05.062000+00:00,2025-04-22 01:35:37
141849189164_DC_HEATMAPS,141849189164_DC_HEATMAPS/2025-04-10 15:32:47.341.parquet,141849189164_DC_HEATMAPS/2025-04-10 15:32:47.341.parquet,13.51,2025-04-14 14:57:05.694000+00:00,2025-04-22 01:35:37
141849189164_DC_HEATMAPS,141849189164_DC_HEATMAPS/2025-04-10 15:32:59.127.parquet,141849189164_DC_HEATMAPS/2025-04-10 15:32:59.127.parquet,13.51,2025-04-14 14:57:06.337000+00:00,2025-04-22 01:35:37
141849189164_DC_HEATMAPS,141849189164_DC_HEATMAPS/2025-04-10 15:33:10.187.parquet,141849189164_DC_HEATMAPS/2025-04-10 15:33:10.187.parquet,13.51,2025-04-14 14:57:06.953000+00:00,2025-04-22 01:35:37
141849189164_DC_HEATMAPS,141849189164_DC_HEATMAPS/2025-04-10 15:33:39.299.parquet,141849189164_DC_HEATMAPS/2025-04-10 15:33:39.299.parquet,13.51,2025-04-14 14:57:07.580000+00:00,2025-04-22 01:35:37
141849189164_DC_HEATMAPS,141849189164_DC_HEATMAPS/2025-04-10 15:34:01.049.parquet,141849189164_DC_HEATMAPS/2025-04-10 15:34:01.049.parquet,13.51,2025-04-14 14:57:08.216000+00:00,2025-04-22 01:35:37
141849189164_DC_HEATMAPS,141849189164_DC_HEATMAPS/2025-04-10 15:34:05.044.parquet,141849189164_DC_HEATMAPS/2025-04-10 15:34:05.044.parquet,13.51,2025-04-14 14:57:08.859000+00:00,2025-04-22 01:35:37
141849189164_DC_HEATMAPS,141849189164_DC_HEATMAPS/2025-04-10 15:34:36.271.parquet,141849189164_DC_HEATMAPS/2025-04-10 15:34:36.271.parquet,13.51,2025-04-14 14:57:09.503000+00:00,2025-04-22 01:35:37
141849189164_DC_HEATMAPS,141849189164_DC_HEATMAPS/2025-04-10 15:34:45.226.parquet,141849189164_DC_HEATMAPS/2025-04-10 15:34:45.226.parquet,13.51,2025-04-14 14:57:10.135000+00:00,2025-04-22 01:35:37
141849189164_DC_HEATMAPS,141849189164_DC_HEATMAPS/2025-04-10 15:34:54.072.parquet,141849189164_DC_HEATMAPS/2025-04-10 15:34:54.072.parquet,13.51,2025-04-14 14:57:10.780000+00:00,2025-04-22 01:35:37
141849189164_DC_HEATMAPS,141849189164_DC_HEATMAPS/2025-04-10 15:35:04.325.parquet,141849189164_DC_HEATMAPS/2025-04-10 15:35:04.325.parquet,13.51,2025-04-14 14:57:11.426000+00:00,2025-04-22 01:35:37
141849189164_DC_HEATMAPS,141849189164_DC_HEATMAPS/2025-04-10 15:35:33.089.parquet,141849189164_DC_HEATMAPS/2025-04-10 15:35:33.089.parquet,13.51,2025-04-14 14:57:12.075000+00:00,2025-04-22 01:35:37
141849189164_DC_HEATMAPS,141849189164_DC_HEATMAPS/2025-04-10 15:35:52.482.parquet,141849189164_DC_HEATMAPS/2025-04-10 15:35:52.482.parquet,13.51,2025-04-14 14:57:12.707000+00:00,2025-04-22 01:35:37
141849189164_DC_HEATMAPS,141849189164_DC_HEATMAPS/2025-04-10 15:36:07.301.parquet,141849189164_DC_HEATMAPS/2025-04-10 15:36:07.301.parquet,13.51,2025-04-14 14:57:13.355000+00:00,2025-04-22 01:35:37
141849189164_DC_HEATMAPS,141849189164_DC_HEATMAPS/2025-04-10 15:36:33.166.parquet,141849189164_DC_HEATMAPS/2025-04-10 15:36:33.166.parquet,13.51,2025-04-14 14:57:13.975000+00:00,2025-04-22 01:35:37
141849189164_DC_HEATMAPS,141849189164_DC_HEATMAPS/2025-04-10 15:36:42.09.parquet,141849189164_DC_HEATMAPS/2025-04-10 15:36:42.09.parquet,13.51,2025-04-14 14:57:14.582000+00:00,2025-04-22 01:35:37
141849189164_DC_HEATMAPS,141849189164_DC_HEATMAPS/2025-04-10 15:37:10.204.parquet,141849189164_DC_HEATMAPS/2025-04-10 15:37:10.204.parquet,13.51,2025-04-14 14:57:15.215000+00:00,2025-04-22 01:35:37
141849189164_DC_HEATMAPS,141849189164_DC_HEATMAPS/2025-04-10 15:38:23.055.parquet,141849189164_DC_HEATMAPS/2025-04-10 15:38:23.055.parquet,13.51,2025-04-14 14:57:15.861000+00:00,2025-04-22 01:35:37
141849189164_DC_HEATMAPS,141849189164_DC_HEATMAPS/2025-04-10 15:39:27.061.parquet,141849189164_DC_HEATMAPS/2025-04-10 15:39:27.061.parquet,13.51,2025-04-14 14:57:16.525000+00:00,2025-04-22 01:35:37
141849189164_DC_HEATMAPS,141849189164_DC_HEATMAPS/2025-04-10 15:39:45.185.parquet,141849189164_DC_HEATMAPS/2025-04-10 15:39:45.185.parquet,13.51,2025-04-14 14:57:17.168000+00:00,2025-04-22 01:35:37
141849189164_DC_HEATMAPS,141849189164_DC_HEATMAPS/2025-04-10 15:39:56.337.parquet,141849189164_DC_HEATMAPS/2025-04-10 15:39:56.337.parquet,13.51,2025-04-14 14:57:17.829000+00:00,2025-04-22 01:35:37
141849189164_DC_HEATMAPS,141849189164_DC_HEATMAPS/2025-04-10 15:40:04.003.parquet,141849189164_DC_HEATMAPS/2025-04-10 15:40:04.003.parquet,13.51,2025-04-14 14:57:18.468000+00:00,2025-04-22 01:35:37
141849189164_DC_HEATMAPS,141849189164_DC_HEATMAPS/2025-04-10 15:40:18.132.parquet,141849189164_DC_HEATMAPS/2025-04-10 15:40:18.132.parquet,13.51,2025-04-14 14:57:19.129000+00:00,2025-04-22 01:35:37
141849189164_DC_HEATMAPS,141849189164_DC_HEATMAPS/2025-04-10 15:40:37.409.parquet,141849189164_DC_HEATMAPS/2025-04-10 15:40:37.409.parquet,13.51,2025-04-14 14:57:19.783000+00:00,2025-04-22 01:35:37
141849189164_DC_HEATMAPS,141849189164_DC_HEATMAPS/2025-04-10 15:40:48.241.parquet,141849189164_DC_HEATMAPS/2025-04-10 15:40:48.241.parquet,13.51,2025-04-14 14:57:20.430000+00:00,2025-04-22 01:35:37
141849189164_DC_HEATMAPS,141849189164_DC_HEATMAPS/2025-04-10 15:40:54.371.parquet,141849189164_DC_HEATMAPS/2025-04-10 15:40:54.371.parquet,13.51,2025-04-14 14:57:21.074000+00:00,2025-04-22 01:35:37
141849189164_DC_HEATMAPS,141849189164_DC_HEATMAPS/2025-04-10 15:41:45.49.parquet,141849189164_DC_HEATMAPS/2025-04-10 15:41:45.49.parquet,13.51,2025-04-14 14:57:21.729000+00:00,2025-04-22 01:35:37
141849189164_DC_HEATMAPS,141849189164_DC_HEATMAPS/2025-04-10 15:41:52.322.parquet,141849189164_DC_HEATMAPS/2025-04-10 15:41:52.322.parquet,13.51,2025-04-14 14:57:22.369000+00:00,2025-04-22 01:35:37
141849189164_DC_HEATMAPS,141849189164_DC_HEATMAPS/2025-04-10 15:42:09.367.parquet,141849189164_DC_HEATMAPS/2025-04-10 15:42:09.367.parquet,13.51,2025-04-14 14:57:23.002000+00:00,2025-04-22 01:35:37
141849189164_DC_HEATMAPS,141849189164_DC_HEATMAPS/2025-04-10 15:42:17.36.parquet,141849189164_DC_HEATMAPS/2025-04-10 15:42:17.36.parquet,13.51,2025-04-14 14:57:23.655000+00:00,2025-04-22 01:35:37
141849189164_DC_HEATMAPS,141849189164_DC_HEATMAPS/2025-04-10 15:42:41.307.parquet,141849189164_DC_HEATMAPS/2025-04-10 15:42:41.307.parquet,13.51,2025-04-14 14:57:24.328000+00:00,2025-04-22 01:35:37
141849189164_DC_HEATMAPS,141849189164_DC_HEATMAPS/2025-04-10 15:42:58.193.parquet,141849189164_DC_HEATMAPS/2025-04-10 15:42:58.193.parquet,13.51,2025-04-14 14:57:24.986000+00:00,2025-04-22 01:35:37
141849189164_DC_HEATMAPS,141849189164_DC_HEATMAPS/2025-04-10 15:43:34.159.parquet,141849189164_DC_HEATMAPS/2025-04-10 15:43:34.159.parquet,13.51,2025-04-14 14:57:25.625000+00:00,2025-04-22 01:35:37
141849189164_DC_HEATMAPS,141849189164_DC_HEATMAPS/2025-04-10 15:43:48.86.parquet,141849189164_DC_HEATMAPS/2025-04-10 15:43:48.86.parquet,13.51,2025-04-14 14:57:26.261000+00:00,2025-04-22 01:35:37
141849189164_DC_HEATMAPS,141849189164_DC_HEATMAPS/2025-04-10 15:43:55.179.parquet,141849189164_DC_HEATMAPS/2025-04-10 15:43:55.179.parquet,13.51,2025-04-14 14:57:26.889000+00:00,2025-04-22 01:35:37
141849189164_DC_HEATMAPS,141849189164_DC_HEATMAPS/2025-04-10 15:44:00.37.parquet,141849189164_DC_HEATMAPS/2025-04-10 15:44:00.37.parquet,13.51,2025-04-14 14:57:27.520000+00:00,2025-04-22 01:35:37
141849189164_DC_HEATMAPS,141849189164_DC_HEATMAPS/2025-04-10 15:44:26.084.parquet,141849189164_DC_HEATMAPS/2025-04-10 15:44:26.084.parquet,13.51,2025-04-14 14:57:28.158000+00:00,2025-04-22 01:35:37
141849189164_DC_HEATMAPS,141849189164_DC_HEATMAPS/2025-04-10 15:44:40.61.parquet,141849189164_DC_HEATMAPS/2025-04-10 15:44:40.61.parquet,13.51,2025-04-14 14:57:28.799000+00:00,2025-04-22 01:35:37
141849189164_DC_HEATMAPS,141849189164_DC_HEATMAPS/2025-04-10 15:44:45.222.parquet,141849189164_DC_HEATMAPS/2025-04-10 15:44:45.222.parquet,13.51,2025-04-14 14:57:29.460000+00:00,2025-04-22 01:35:37
141849189164_DC_HEATMAPS,141849189164_DC_HEATMAPS/2025-04-10 15:45:13.073.parquet,141849189164_DC_HEATMAPS/2025-04-10 15:45:13.073.parquet,13.51,2025-04-14 14:57:30.126000+00:00,2025-04-22 01:35:37
141849189164_DC_HEATMAPS,141849189164_DC_HEATMAPS/2025-04-10 15:45:44.302.parquet,141849189164_DC_HEATMAPS/2025-04-10 15:45:44.302.parquet,13.51,2025-04-14 14:57:30.758000+00:00,2025-04-22 01:35:37
141849189164_DC_HEATMAPS,141849189164_DC_HEATMAPS/2025-04-10 15:45:53.399.parquet,141849189164_DC_HEATMAPS/2025-04-10 15:45:53.399.parquet,13.51,2025-04-14 14:57:31.392000+00:00,2025-04-22 01:35:37
141849189164_DC_HEATMAPS,141849189164_DC_HEATMAPS/2025-04-10 15:46:06.145.parquet,141849189164_DC_HEATMAPS/2025-04-10 15:46:06.145.parquet,13.51,2025-04-14 14:57:32.048000+00:00,2025-04-22 01:35:37
141849189164_DC_HEATMAPS,141849189164_DC_HEATMAPS/2025-04-10 15:46:11.623.parquet,141849189164_DC_HEATMAPS/2025-04-10 15:46:11.623.parquet,13.51,2025-04-14 14:57:32.691000+00:00,2025-04-22 01:35:37
141849189164_DC_HEATMAPS,141849189164_DC_HEATMAPS/2025-04-10 15:46:42.98.parquet,141849189164_DC_HEATMAPS/2025-04-10 15:46:42.98.parquet,13.51,2025-04-14 14:57:33.304000+00:00,2025-04-22 01:35:37
141849189164_DC_HEATMAPS,141849189164_DC_HEATMAPS/2025-04-10 15:46:47.176.parquet,141849189164_DC_HEATMAPS/2025-04-10 15:46:47.176.parquet,13.51,2025-04-14 14:57:33.904000+00:00,2025-04-22 01:35:37
141849189164_DC_HEATMAPS,141849189164_DC_HEATMAPS/2025-04-10 15:47:44.426.parquet,141849189164_DC_HEATMAPS/2025-04-10 15:47:44.426.parquet,13.51,2025-04-14 14:57:34.523000+00:00,2025-04-22 01:35:37
141849189164_DC_HEATMAPS,141849189164_DC_HEATMAPS/2025-04-10 15:48:01.215.parquet,141849189164_DC_HEATMAPS/2025-04-10 15:48:01.215.parquet,13.51,2025-04-14 14:57:35.129000+00:00,2025-04-22 01:35:37
141849189164_DC_HEATMAPS,141849189164_DC_HEATMAPS/2025-04-10 15:48:28.145.parquet,141849189164_DC_HEATMAPS/2025-04-10 15:48:28.145.parquet,13.51,2025-04-14 14:57:35.719000+00:00,2025-04-22 01:35:37
141849189164_DC_HEATMAPS,141849189164_DC_HEATMAPS/2025-04-10 15:48:34.396.parquet,141849189164_DC_HEATMAPS/2025-04-10 15:48:34.396.parquet,13.51,2025-04-14 14:57:36.320000+00:00,2025-04-22 01:35:37
141849189164_DC_HEATMAPS,141849189164_DC_HEATMAPS/2025-04-10 15:48:47.138.parquet,141849189164_DC_HEATMAPS/2025-04-10 15:48:47.138.parquet,13.51,2025-04-14 14:57:36.927000+00:00,2025-04-22 01:35:37
141849189164_DC_HEATMAPS,141849189164_DC_HEATMAPS/2025-04-10 15:49:19.147.parquet,141849189164_DC_HEATMAPS/2025-04-10 15:49:19.147.parquet,13.51,2025-04-14 14:57:37.538000+00:00,2025-04-22 01:35:37
141849189164_DC_HEATMAPS,141849189164_DC_HEATMAPS/2025-04-10 15:49:31.125.parquet,141849189164_DC_HEATMAPS/2025-04-10 15:49:31.125.parquet,13.51,2025-04-14 14:57:38.157000+00:00,2025-04-22 01:35:37
141849189164_DC_HEATMAPS,141849189164_DC_HEATMAPS/2025-04-10 15:49:36.108.parquet,141849189164_DC_HEATMAPS/2025-04-10 15:49:36.108.parquet,13.51,2025-04-14 14:57:38.759000+00:00,2025-04-22 01:35:37
141849189164_DC_HEATMAPS,141849189164_DC_HEATMAPS/2025-04-10 15:49:43.108.parquet,141849189164_DC_HEATMAPS/2025-04-10 15:49:43.108.parquet,13.51,2025-04-14 14:57:39.363000+00:00,2025-04-22 01:35:37
141849189164_DC_HEATMAPS,141849189164_DC_HEATMAPS/2025-04-10 15:49:49.57.parquet,141849189164_DC_HEATMAPS/2025-04-10 15:49:49.57.parquet,13.51,2025-04-14 14:57:39.962000+00:00,2025-04-22 01:35:37
141849189164_DC_HEATMAPS,141849189164_DC_HEATMAPS/2025-04-10 15:50:01.145.parquet,141849189164_DC_HEATMAPS/2025-04-10 15:50:01.145.parquet,13.51,2025-04-14 14:57:40.590000+00:00,2025-04-22 01:35:37
141849189164_DC_HEATMAPS,141849189164_DC_HEATMAPS/2025-04-10 15:50:08.102.parquet,141849189164_DC_HEATMAPS/2025-04-10 15:50:08.102.parquet,13.51,2025-04-14 14:57:41.257000+00:00,2025-04-22 01:35:37
